model,accuracy
Dense,0.2782000005245209
CNN,0.5501000285148621
